CREADOR POR;Cï¿½DIGO REC ELEC;DISCONTINUADO;FECHA DE CREACIï¿½N;FECHA DE MODIFICACIï¿½N;MODIFICADO POR;NOMBRE;NOTAS;RUTA COMPLETA
Vinko A. Olivares Otï¿½rola;;No;17-12-2018 10:46;17-12-2018 10:46;Vinko A. Olivares Otï¿½rola;1 Mina Peumo;;\1 Mina Peumo
Vinko A. Olivares Otï¿½rola;;No;17-12-2018 10:46;17-12-2018 10:46;Vinko A. Olivares Otï¿½rola;1-1 Mina;;\1 Mina Peumo\1-1 Mina
Vinko A. Olivares Otï¿½rola;;No;17-12-2018 10:50;17-12-2018 10:50;Vinko A. Olivares Otï¿½rola;1-2 Supervisiï¿½n;;\1 Mina Peumo\1-2 Supervisiï¿½n
Vinko A. Olivares Otï¿½rola;;No;17-12-2018 10:50;17-12-2018 10:50;Vinko A. Olivares Otï¿½rola;1-3 Perforaciï¿½n Liviana;;\1 Mina Peumo\1-3 Perforaciï¿½n Liviana
Vinko A. Olivares Otï¿½rola;;No;17-12-2018 10:51;17-12-2018 10:51;Vinko A. Olivares Otï¿½rola;1-4 Tronadura;;\1 Mina Peumo\1-4 Tronadura
Vinko A. Olivares Otï¿½rola;;No;17-12-2018 10:51;17-12-2018 10:51;Vinko A. Olivares Otï¿½rola;1-5 Carguï¿½o;;\1 Mina Peumo\1-5 Carguï¿½o
Vinko A. Olivares Otï¿½rola;;No;17-12-2018 11:04;17-12-2018 11:04;Vinko A. Olivares Otï¿½rola;1-6 Desagï¿½e;;\1 Mina Peumo\1-6 Desagï¿½e
Vinko A. Olivares Otï¿½rola;;No;17-12-2018 11:04;17-12-2018 11:04;Vinko A. Olivares Otï¿½rola;1-7 Perforaciï¿½n Mecï¿½nica;;\1 Mina Peumo\1-7 Perforaciï¿½n Mecï¿½nica
Vinko A. Olivares Otï¿½rola;;No;17-12-2018 11:05;17-12-2018 11:05;Vinko A. Olivares Otï¿½rola;1-8 Mantenciï¿½n;;\1 Mina Peumo\1-8 Mantenciï¿½n
Vinko A. Olivares Otï¿½rola;;No;17-12-2018 11:05;17-12-2018 11:05;Vinko A. Olivares Otï¿½rola;1-9 Camionetas;;\1 Mina Peumo\1-9 Camionetas
Vinko A. Olivares Otï¿½rola;;No;17-12-2018 11:06;17-12-2018 11:06;Vinko A. Olivares Otï¿½rola;1-10 Camino;;\1 Mina Peumo\1-10 Camino
Vinko A. Olivares Otï¿½rola;;No;17-12-2018 11:07;17-12-2018 11:07;Vinko A. Olivares Otï¿½rola;1-11 Compresores;;\1 Mina Peumo\1-11 Compresores
Vinko A. Olivares Otï¿½rola;;No;17-12-2018 11:07;17-12-2018 11:07;Vinko A. Olivares Otï¿½rola;1-12 Grupos Electrï¿½genos;;\1 Mina Peumo\1-12 Grupos Electrï¿½genos
Vinko A. Olivares Otï¿½rola;;No;17-12-2018 11:07;17-12-2018 11:07;Vinko A. Olivares Otï¿½rola;1-13 Sondajes;;\1 Mina Peumo\1-13 Sondajes
Vinko A. Olivares Otï¿½rola;;No;17-12-2018 11:10;17-12-2018 11:10;Vinko A. Olivares Otï¿½rola;1-14 Casino;;\1 Mina Peumo\1-14 Casino
Vinko A. Olivares Otï¿½rola;;No;17-12-2018 11:10;17-12-2018 11:10;Vinko A. Olivares Otï¿½rola;1-15 Campamento;;\1 Mina Peumo\1-15 Campamento
Vinko A. Olivares Otï¿½rola;;No;17-12-2018 11:11;17-12-2018 11:11;Vinko A. Olivares Otï¿½rola;1-16 Ventilaciï¿½n;;\1 Mina Peumo\1-16 Ventilaciï¿½n
Vinko A. Olivares Otï¿½rola;;No;17-12-2018 11:11;17-12-2018 11:11;Vinko A. Olivares Otï¿½rola;1-17 Fortificaciï¿½n;;\1 Mina Peumo\1-17 Fortificaciï¿½n
Vinko A. Olivares Otï¿½rola;;No;17-12-2018 11:12;17-12-2018 11:12;Vinko A. Olivares Otï¿½rola;1-18 Proyectos en Ejecuciï¿½n;;\1 Mina Peumo\1-18 Proyectos en Ejecuciï¿½n
Vinko A. Olivares Otï¿½rola;;No;17-12-2018 11:12;16-04-2019 11:13;Daniel Villarroel Zamora;2 Mina Don Jaime;;\2 Mina Don Jaime
Vinko A. Olivares Otï¿½rola;;No;17-12-2018 11:13;17-12-2018 11:13;Vinko A. Olivares Otï¿½rola;2-1 Mina;;\2 Mina Don Jaime\2-1 Mina
Vinko A. Olivares Otï¿½rola;;No;17-12-2018 11:13;17-12-2018 11:13;Vinko A. Olivares Otï¿½rola;2-2 Supervisiï¿½n;;\2 Mina Don Jaime\2-2 Supervisiï¿½n
Vinko A. Olivares Otï¿½rola;;No;17-12-2018 11:14;17-12-2018 11:14;Vinko A. Olivares Otï¿½rola;2-3 Perforaciï¿½n Liviana;;\2 Mina Don Jaime\2-3 Perforaciï¿½n Liviana
Vinko A. Olivares Otï¿½rola;;No;17-12-2018 11:14;17-12-2018 11:14;Vinko A. Olivares Otï¿½rola;2-4 Tronadura;;\2 Mina Don Jaime\2-4 Tronadura
Vinko A. Olivares Otï¿½rola;;No;17-12-2018 11:15;17-12-2018 11:15;Vinko A. Olivares Otï¿½rola;2-5 Carguï¿½o;;\2 Mina Don Jaime\2-5 Carguï¿½o
Vinko A. Olivares Otï¿½rola;;No;17-12-2018 11:21;17-12-2018 11:21;Vinko A. Olivares Otï¿½rola;2-6 Desague;;\2 Mina Don Jaime\2-6 Desague
Vinko A. Olivares Otï¿½rola;;No;17-12-2018 11:22;17-12-2018 11:22;Vinko A. Olivares Otï¿½rola;2-7 Perforaciï¿½n Mecï¿½nica;;\2 Mina Don Jaime\2-7 Perforaciï¿½n Mecï¿½nica
Vinko A. Olivares Otï¿½rola;;No;17-12-2018 11:23;17-12-2018 11:23;Vinko A. Olivares Otï¿½rola;2-8 Mantenciï¿½n;;\2 Mina Don Jaime\2-8 Mantenciï¿½n
Vinko A. Olivares Otï¿½rola;;No;17-12-2018 11:23;17-12-2018 11:23;Vinko A. Olivares Otï¿½rola;2-9 Camionetas;;\2 Mina Don Jaime\2-9 Camionetas
Vinko A. Olivares Otï¿½rola;;No;17-12-2018 11:24;17-12-2018 11:24;Vinko A. Olivares Otï¿½rola;2-10 Camino;;\2 Mina Don Jaime\2-10 Camino
Vinko A. Olivares Otï¿½rola;;No;17-12-2018 11:24;17-12-2018 11:24;Vinko A. Olivares Otï¿½rola;2-11 Compresores;;\2 Mina Don Jaime\2-11 Compresores
Vinko A. Olivares Otï¿½rola;;No;17-12-2018 11:24;17-12-2018 11:24;Vinko A. Olivares Otï¿½rola;2-12 Grupos Electrï¿½genos;;\2 Mina Don Jaime\2-12 Grupos Electrï¿½genos
Vinko A. Olivares Otï¿½rola;;No;17-12-2018 11:25;17-12-2018 11:25;Vinko A. Olivares Otï¿½rola;2-13 Sondajes;;\2 Mina Don Jaime\2-13 Sondajes
Vinko A. Olivares Otï¿½rola;;No;17-12-2018 11:27;17-12-2018 11:27;Vinko A. Olivares Otï¿½rola;2-14 Casino;;\2 Mina Don Jaime\2-14 Casino
Vinko A. Olivares Otï¿½rola;;No;17-12-2018 11:27;17-12-2018 11:27;Vinko A. Olivares Otï¿½rola;2-15 Campamento;;\2 Mina Don Jaime\2-15 Campamento
Vinko A. Olivares Otï¿½rola;;No;17-12-2018 11:28;17-12-2018 11:28;Vinko A. Olivares Otï¿½rola;2-16 Ventilaciï¿½n;;\2 Mina Don Jaime\2-16 Ventilaciï¿½n
Vinko A. Olivares Otï¿½rola;;No;17-12-2018 11:28;17-12-2018 11:28;Vinko A. Olivares Otï¿½rola;2-17 Fortificaciï¿½n;;\2 Mina Don Jaime\2-17 Fortificaciï¿½n
Vinko A. Olivares Otï¿½rola;;No;17-12-2018 11:28;17-12-2018 11:28;Vinko A. Olivares Otï¿½rola;2-18 Proyectos en Ejecuciï¿½n;;\2 Mina Don Jaime\2-18 Proyectos en Ejecuciï¿½n
Vinko A. Olivares Otï¿½rola;;No;17-12-2018 11:33;21-08-2019 10:57;Daniel Villarroel Zamora;3 Exploraciï¿½n;;\3 Exploraciï¿½n
Vinko A. Olivares Otï¿½rola;;No;17-12-2018 11:39;21-08-2019 10:57;Daniel Villarroel Zamora;3-2 Exploraciï¿½n Mina Don Jaime;;\3 Exploraciï¿½n\3-2 Exploraciï¿½n Mina Don Jaime
Vinko A. Olivares Otï¿½rola;;No;17-12-2018 12:19;21-08-2019 10:57;Daniel Villarroel Zamora;3-3 Exploraciï¿½n Mina Romero;;\3 Exploraciï¿½n\3-3 Exploraciï¿½n Mina Romero
Vinko A. Olivares Otï¿½rola;;No;17-12-2018 12:21;21-08-2019 10:57;Daniel Villarroel Zamora;3-4 Exploraciï¿½n Mina Molle;;\3 Exploraciï¿½n\3-4 Exploraciï¿½n Mina Molle
Vinko A. Olivares Otï¿½rola;;No;17-12-2018 12:22;21-08-2019 10:56;Daniel Villarroel Zamora;3-1 Exploraciï¿½n Mina Peumo;;\3 Exploraciï¿½n\3-1 Exploraciï¿½n Mina Peumo
Vinko A. Olivares Otï¿½rola;;No;17-12-2018 12:22;21-08-2019 10:56;Daniel Villarroel Zamora;Disponible;;\3 Exploraciï¿½n\3-1 Exploraciï¿½n Mina Peumo\Disponible
Vinko A. Olivares Otï¿½rola;;No;17-12-2018 12:26;17-12-2018 12:26;Vinko A. Olivares Otï¿½rola;4 Planta;;\4 Planta
Vinko A. Olivares Otï¿½rola;;No;17-12-2018 12:32;17-12-2018 12:32;Vinko A. Olivares Otï¿½rola;4-1 Planta;;\4 Planta\4-1 Planta
Vinko A. Olivares Otï¿½rola;;No;17-12-2018 15:08;17-12-2018 15:08;Vinko A. Olivares Otï¿½rola;4-2 Supervisiï¿½n;;\4 Planta\4-2 Supervisiï¿½n
Vinko A. Olivares Otï¿½rola;;No;17-12-2018 15:15;17-12-2018 15:15;Vinko A. Olivares Otï¿½rola;4-3 Recepciï¿½n de Minerales;;\4 Planta\4-3 Recepciï¿½n de Minerales
Vinko A. Olivares Otï¿½rola;;No;17-12-2018 15:23;17-12-2018 15:23;Vinko A. Olivares Otï¿½rola;4-4 Chancado Grueso;;\4 Planta\4-4 Chancado Grueso
Vinko A. Olivares Otï¿½rola;;No;17-12-2018 15:23;17-12-2018 15:23;Vinko A. Olivares Otï¿½rola;4-5 Molienda Fina;;\4 Planta\4-5 Molienda Fina
Vinko A. Olivares Otï¿½rola;;No;17-12-2018 15:23;17-12-2018 15:23;Vinko A. Olivares Otï¿½rola;4-6 Flotaciï¿½n;;\4 Planta\4-6 Flotaciï¿½n
Vinko A. Olivares Otï¿½rola;;No;17-12-2018 15:23;17-12-2018 15:23;Vinko A. Olivares Otï¿½rola;4-7 Filtrado-Secado;;\4 Planta\4-7 Filtrado-Secado
Vinko A. Olivares Otï¿½rola;;No;17-12-2018 15:24;17-12-2018 15:24;Vinko A. Olivares Otï¿½rola;4-8 Despacho de Concentrado;;\4 Planta\4-8 Despacho de Concentrado
Vinko A. Olivares Otï¿½rola;;No;17-12-2018 15:26;17-12-2018 15:26;Vinko A. Olivares Otï¿½rola;4-9 Laboratorio Muestrera;;\4 Planta\4-9 Laboratorio Muestrera
Vinko A. Olivares Otï¿½rola;;No;17-12-2018 15:26;17-12-2018 15:26;Vinko A. Olivares Otï¿½rola;4-10 Relaves;;\4 Planta\4-10 Relaves
Vinko A. Olivares Otï¿½rola;;No;17-12-2018 15:27;17-12-2018 15:27;Vinko A. Olivares Otï¿½rola;4-11 Departamento de Mantenciï¿½n;;\4 Planta\4-11 Departamento de Mantenciï¿½n
Vinko A. Olivares Otï¿½rola;;No;17-12-2018 15:27;17-12-2018 15:27;Vinko A. Olivares Otï¿½rola;4-12 Camionetas Planta;;\4 Planta\4-12 Camionetas Planta
Vinko A. Olivares Otï¿½rola;;No;17-12-2018 15:29;17-12-2018 15:29;Vinko A. Olivares Otï¿½rola;4-13 Casino Planta;;\4 Planta\4-13 Casino Planta
Vinko A. Olivares Otï¿½rola;;No;17-12-2018 15:29;17-12-2018 15:29;Vinko A. Olivares Otï¿½rola;4-14 Casa Administraciï¿½n;;\4 Planta\4-14 Casa Administraciï¿½n
Vinko A. Olivares Otï¿½rola;;No;17-12-2018 15:30;17-12-2018 15:30;Vinko A. Olivares Otï¿½rola;4-15 Casa Huï¿½spedes;;\4 Planta\4-15 Casa Huï¿½spedes
Vinko A. Olivares Otï¿½rola;;No;17-12-2018 15:30;17-12-2018 15:30;Vinko A. Olivares Otï¿½rola;4-16 Campamento;;\4 Planta\4-16 Campamento
Vinko A. Olivares Otï¿½rola;;No;17-12-2018 15:30;17-12-2018 15:30;Vinko A. Olivares Otï¿½rola;4-17 Reforestaciï¿½n;;\4 Planta\4-17 Reforestaciï¿½n
Vinko A. Olivares Otï¿½rola;;No;17-12-2018 15:31;17-12-2018 15:31;Vinko A. Olivares Otï¿½rola;4-18 Bombeo Mina Molle;;\4 Planta\4-18 Bombeo Mina Molle
Vinko A. Olivares Otï¿½rola;;No;17-12-2018 15:31;17-12-2018 15:31;Vinko A. Olivares Otï¿½rola;4-19 Camino;;\4 Planta\4-19 Camino
Vinko A. Olivares Otï¿½rola;;No;17-12-2018 15:32;17-12-2018 15:32;Vinko A. Olivares Otï¿½rola;4-21 Proyectos en Ejecuciï¿½n;;\4 Planta\4-21 Proyectos en Ejecuciï¿½n
Vinko A. Olivares Otï¿½rola;;No;17-12-2018 15:33;17-12-2018 15:33;Vinko A. Olivares Otï¿½rola;5 Administraciï¿½n;;\5 Administraciï¿½n
Vinko A. Olivares Otï¿½rola;;No;17-12-2018 15:33;17-12-2018 15:33;Vinko A. Olivares Otï¿½rola;5-1 Administraciï¿½n Superior;;\5 Administraciï¿½n\5-1 Administraciï¿½n Superior
Vinko A. Olivares Otï¿½rola;;No;17-12-2018 15:33;17-12-2018 15:33;Vinko A. Olivares Otï¿½rola;5-2 Administraciï¿½n General;;\5 Administraciï¿½n\5-2 Administraciï¿½n General
Vinko A. Olivares Otï¿½rola;;No;17-12-2018 15:33;17-12-2018 15:33;Vinko A. Olivares Otï¿½rola;5-3 Departamento Administraciï¿½n;;\5 Administraciï¿½n\5-3 Departamento Administraciï¿½n
Vinko A. Olivares Otï¿½rola;;No;17-12-2018 15:34;17-12-2018 15:34;Vinko A. Olivares Otï¿½rola;5-4 Oficina Santiago;;\5 Administraciï¿½n\5-4 Oficina Santiago
Vinko A. Olivares Otï¿½rola;;No;17-12-2018 15:34;17-12-2018 15:34;Vinko A. Olivares Otï¿½rola;6 Administraciï¿½n del Proceso;;\6 Administraciï¿½n del Proceso
Vinko A. Olivares Otï¿½rola;;No;17-12-2018 15:35;17-12-2018 15:35;Vinko A. Olivares Otï¿½rola;6-1 Geologï¿½a;;\6 Administraciï¿½n del Proceso\6-1 Geologï¿½a
Vinko A. Olivares Otï¿½rola;;No;17-12-2018 15:35;17-12-2018 15:35;Vinko A. Olivares Otï¿½rola;6-2 Ingenierï¿½a-Planificaciï¿½n;;\6 Administraciï¿½n del Proceso\6-2 Ingenierï¿½a-Planificaciï¿½n
Vinko A. Olivares Otï¿½rola;;No;17-12-2018 15:36;17-12-2018 15:36;Vinko A. Olivares Otï¿½rola;6-3 Topografï¿½a;;\6 Administraciï¿½n del Proceso\6-3 Topografï¿½a
Vinko A. Olivares Otï¿½rola;;No;17-12-2018 15:36;17-12-2018 15:36;Vinko A. Olivares Otï¿½rola;6-4 Mantenciï¿½n Mecï¿½nica;;\6 Administraciï¿½n del Proceso\6-4 Mantenciï¿½n Mecï¿½nica
Vinko A. Olivares Otï¿½rola;;No;17-12-2018 15:36;17-12-2018 15:36;Vinko A. Olivares Otï¿½rola;6-5 Prevenciï¿½n de Riesgos;;\6 Administraciï¿½n del Proceso\6-5 Prevenciï¿½n de Riesgos
Vinko A. Olivares Otï¿½rola;;No;02-01-2019 11:07;23-01-2019 13:13;Vinko A. Olivares Otï¿½rola;02 Presupuesto Of. Santiago;;\02 Presupuesto Of. Santiago
Vinko A. Olivares Otï¿½rola;;No;02-01-2019 11:08;23-01-2019 13:13;Vinko A. Olivares Otï¿½rola;01 Presupuesto Of. La Ligua;;\01 Presupuesto Of. La Ligua
Daniel Villarroel Zamora;;No;26-03-2019 15:19;26-03-2019 15:19;Daniel Villarroel Zamora;7 Proyectos en Ejecuciï¿½n;;\7 Proyectos en Ejecuciï¿½n
Daniel Villarroel Zamora;;No;26-03-2019 15:19;26-03-2019 15:19;Daniel Villarroel Zamora;7-1 Mina Molle;;\7 Proyectos en Ejecuciï¿½n\7-1 Mina Molle
Daniel Villarroel Zamora;;No;01-04-2019 10:28;01-04-2019 10:28;Daniel Villarroel Zamora;4-4-1 Chancado Primario;;\4 Planta\4-4 Chancado Grueso\4-4-1 Chancado Primario
Daniel Villarroel Zamora;;No;01-04-2019 10:28;01-04-2019 10:28;Daniel Villarroel Zamora;4-4-2 Chancado Secundario;;\4 Planta\4-4 Chancado Grueso\4-4-2 Chancado Secundario
Daniel Villarroel Zamora;;No;01-04-2019 10:28;01-04-2019 10:28;Daniel Villarroel Zamora;4-4-3 Chancado Terciario;;\4 Planta\4-4 Chancado Grueso\4-4-3 Chancado Terciario
Daniel Villarroel Zamora;;No;01-04-2019 10:30;01-04-2019 10:30;Daniel Villarroel Zamora;4-5-1 Molino 8x48;;\4 Planta\4-5 Molienda Fina\4-5-1 Molino 8x48
Daniel Villarroel Zamora;;No;01-04-2019 10:30;01-04-2019 15:30;Daniel Villarroel Zamora;4-5-2 Molino 6x5;;\4 Planta\4-5 Molienda Fina\4-5-2 Molino 6x5
Daniel Villarroel Zamora;;No;01-04-2019 10:30;01-04-2019 15:30;Daniel Villarroel Zamora;4-5-3 Molino 5x6;;\4 Planta\4-5 Molienda Fina\4-5-3 Molino 5x6
Daniel Villarroel Zamora;;No;01-04-2019 10:31;01-04-2019 15:30;Daniel Villarroel Zamora;4-5-4 Molino 4x4;;\4 Planta\4-5 Molienda Fina\4-5-4 Molino 4x4
Daniel Villarroel Zamora;;No;01-04-2019 15:30;01-04-2019 15:30;Daniel Villarroel Zamora;4-5-5 Molino 3x6;;\4 Planta\4-5 Molienda Fina\4-5-5 Molino 3x6
Daniel Villarroel Zamora;;No;03-07-2019 8:52;03-07-2019 9:31;Daniel Villarroel Zamora;8 Camionetas;;\8 Camionetas
Daniel Villarroel Zamora;;No;03-07-2019 9:03;---;---;8-5 Nissan Terrano 2013 - FGCJ-20;;\8 Camionetas\8-5 Nissan Terrano 2013 - FGCJ-20
Daniel Villarroel Zamora;;No;03-07-2019 9:22;25-11-2025 16:42;Daniel Villarroel Zamora;8-13 Toyota New Hilux 2016 - HSBK-26;;\8 Camionetas\8-13 Toyota New Hilux 2016 - HSBK-26
Daniel Villarroel Zamora;;No;03-07-2019 9:32;---;---;9 Camiones;;\9 Camiones
Daniel Villarroel Zamora;;No;03-07-2019 9:33;---;---;9-1 Camiï¿½n Ford Cargo . SC1676;;\9 Camiones\9-1 Camiï¿½n Ford Cargo . SC1676
Daniel Villarroel Zamora;;No;03-07-2019 9:33;---;---;9-2 Camiï¿½n Mitsubishi Canter - XC-2780;;\9 Camiones\9-2 Camiï¿½n Mitsubishi Canter - XC-2780
Daniel Villarroel Zamora;;No;03-07-2019 9:34;03-07-2019 9:34;Daniel Villarroel Zamora;9-3 Camiï¿½n Chevrolet NKR 613 - CJBW-14;;\9 Camiones\9-3 Camiï¿½n Chevrolet NKR 613 - CJBW-14
Daniel Villarroel Zamora;;No;03-07-2019 9:34;03-07-2019 9:35;Daniel Villarroel Zamora;9-4 Camiï¿½n Volkswagen 15180M - CZYV-85;;\9 Camiones\9-4 Camiï¿½n Volkswagen 15180M - CZYV-85
Daniel Villarroel Zamora;;No;03-07-2019 9:36;---;---;9-5 Camiï¿½n Volkswagen Trendy - HSTJ-51;;\9 Camiones\9-5 Camiï¿½n Volkswagen Trendy - HSTJ-51
Daniel Villarroel Zamora;;No;05-11-2019 9:05;---;---;3-5 Exploraciï¿½n Mina Raï¿½z del Cobre;;\3 Exploraciï¿½n\3-5 Exploraciï¿½n Mina Raï¿½z del Cobre
Daniel Villarroel Zamora;;No;19-02-2020 16:25;18-12-2025 12:22;Daniel Villarroel Zamora;7-2 Proyecto Abastecimiento Agua Planta;;\7 Proyectos en Ejecuciï¿½n\7-2 Proyecto Abastecimiento Agua Planta
Daniel Villarroel Zamora;;No;14-04-2020 12:47;---;---;5-4-1 Kï¿½a Oficina Santiago;;\5 Administraciï¿½n\5-4 Oficina Santiago\5-4-1 Kï¿½a Oficina Santiago
Daniel Villarroel Zamora;;No;26-08-2020 12:24;---;---;6-6 Supervisiï¿½n Exploraciï¿½n;;\6 Administraciï¿½n del Proceso\6-6 Supervisiï¿½n Exploraciï¿½n
Daniel Villarroel Zamora;;No;25-09-2020 10:50;---;---;8-22 Toyota New Hilux 2021 - PHLF-83;;\8 Camionetas\8-22 Toyota New Hilux 2021 - PHLF-83
Daniel Villarroel Zamora;;No;25-09-2020 10:51;25-09-2020 10:51;Daniel Villarroel Zamora;8-23 Toyota New Hilux 2021 - PHLG-34;;\8 Camionetas\8-23 Toyota New Hilux 2021 - PHLG-34
Daniel Villarroel Zamora;;No;08-04-2021 8:40;---;---;8-24 Toyota New Hilux 2021 - PRXH-15;;\8 Camionetas\8-24 Toyota New Hilux 2021 - PRXH-15
Daniel Villarroel Zamora;;No;14-04-2021 9:32;---;---;8-25 Toyota New Hilux 2021 - PRZJ-20;;\8 Camionetas\8-25 Toyota New Hilux 2021 - PRZJ-20
Daniel Villarroel Zamora;;No;14-04-2021 17:25;14-04-2021 17:25;Daniel Villarroel Zamora;7-3 Construcciï¿½n Campamento Peumo;;\7 Proyectos en Ejecuciï¿½n\7-3 Construcciï¿½n Campamento Peumo
Daniel Villarroel Zamora;;No;14-04-2021 17:26;---;---;7-4 Construcciï¿½n Campamento Don Jaime;;\7 Proyectos en Ejecuciï¿½n\7-4 Construcciï¿½n Campamento Don Jaime
Daniel Villarroel Zamora;;No;04-05-2021 8:55;---;---;8-26 Toyota New Hilux 2021 - PSST-36;;\8 Camionetas\8-26 Toyota New Hilux 2021 - PSST-36
Daniel Villarroel Zamora;;No;23-06-2021 9:47;---;---;3-3-1 Excavadora CAT 320-D;;\3 Exploraciï¿½n\3-3 Exploraciï¿½n Mina Romero\3-3-1 Excavadora CAT 320-D
Daniel Villarroel Zamora;;No;17-08-2021 16:18;---;---;3-6 Exploraciï¿½n Mina Peumo Superior;;\3 Exploraciï¿½n\3-6 Exploraciï¿½n Mina Peumo Superior
Daniel Villarroel Zamora;;No;23-11-2021 9:48;---;---;9-7 Camiï¿½n Fotï¿½n Auman - RJRV-73;;\9 Camiones\9-7 Camiï¿½n Fotï¿½n Auman - RJRV-73
Daniel Villarroel Zamora;;No;02-02-2022 14:48;---;---;8-30 Toyota New Hilux 2022 - RPSY-24;;\8 Camionetas\8-30 Toyota New Hilux 2022 - RPSY-24
Daniel Villarroel Zamora;;No;02-02-2022 14:49;---;---;8-31 Toyota New Hilux 2022 - RPSY-62;;\8 Camionetas\8-31 Toyota New Hilux 2022 - RPSY-62
Daniel Villarroel Zamora;;No;02-02-2022 14:49;---;---;8-32 Toyota New Hilux 2022 - RPSY-63;;\8 Camionetas\8-32 Toyota New Hilux 2022 - RPSY-63
Daniel Villarroel Zamora;;No;02-02-2022 14:50;---;---;8-33 Toyota New Hilux 2022 - RPSY-64;;\8 Camionetas\8-33 Toyota New Hilux 2022 - RPSY-64
Daniel Villarroel Zamora;;No;09-02-2022 13:00;---;---;7-5 Construcciï¿½n Cancha Concentrado;;\7 Proyectos en Ejecuciï¿½n\7-5 Construcciï¿½n Cancha Concentrado
Daniel Villarroel Zamora;;No;07-04-2022 15:18;---;---;7-6 Construcciï¿½n Muro Tolva Primario;;\7 Proyectos en Ejecuciï¿½n\7-6 Construcciï¿½n Muro Tolva Primario
Daniel Villarroel Zamora;;No;03-05-2022 15:53;---;---;03 Costo de Explotaciï¿½n;;\03 Costo de Explotaciï¿½n
Daniel Villarroel Zamora;;No;05-05-2022 10:08;---;---;7-7 Construcciï¿½n Campamento Planta;;\7 Proyectos en Ejecuciï¿½n\7-7 Construcciï¿½n Campamento Planta
Daniel Villarroel Zamora;;No;15-06-2022 11:09;---;---;4-22 Abastecimiento Agua Planta;;\4 Planta\4-22 Abastecimiento Agua Planta
Daniel Villarroel Zamora;;No;13-10-2022 17:18;---;---;8-34 Toyota New Hilux 2023 - SGSY-56;;\8 Camionetas\8-34 Toyota New Hilux 2023 - SGSY-56
Daniel Villarroel Zamora;;No;13-10-2022 17:50;---;---;3-7 Exploraciï¿½n Mina San Pedro;;\3 Exploraciï¿½n\3-7 Exploraciï¿½n Mina San Pedro
Daniel Villarroel Zamora;;No;27-10-2022 11:29;---;---;3-8 Exploraciï¿½n Mina Mantos;;\3 Exploraciï¿½n\3-8 Exploraciï¿½n Mina Mantos
Daniel Villarroel Zamora;;No;27-10-2022 11:29;22-11-2022 8:29;Daniel Villarroel Zamora;3-9 Exploraciï¿½n Mina Patagï¿½ita;;\3 Exploraciï¿½n\3-9 Exploraciï¿½n Mina Patagï¿½ita
Daniel Villarroel Zamora;;No;09-11-2022 12:06;28-05-2026 10:14;Daniel Villarroel Zamora;6-7 Desarrollo de Proyectos Mineros;;\6 Administraciï¿½n del Proceso\6-7 Desarrollo de Proyectos Mineros
Daniel Villarroel Zamora;;No;01-12-2022 10:43;---;---;7-8 Construcciï¿½n Habitaciones Planta;;\7 Proyectos en Ejecuciï¿½n\7-8 Construcciï¿½n Habitaciones Planta
Daniel Villarroel Zamora;;No;09-01-2023 16:54;---;---;3-9-1 Compresor Sullair 185 H;;\3 Exploraciï¿½n\3-9 Exploraciï¿½n Mina Patagï¿½ita\3-9-1 Compresor Sullair 185 H
Daniel Villarroel Zamora;;No;12-01-2023 9:56;12-01-2023 9:57;Daniel Villarroel Zamora;3-9-2 Scoop Atlas Copco ST-1000;;\3 Exploraciï¿½n\3-9 Exploraciï¿½n Mina Patagï¿½ita\3-9-2 Scoop Atlas Copco ST-1000
Daniel Villarroel Zamora;;No;25-01-2023 15:15;---;---;8-35 Toyota New Hilux 2023 - SJVT-30;;\8 Camionetas\8-35 Toyota New Hilux 2023 - SJVT-30
Daniel Villarroel Zamora;;No;25-01-2023 15:15;---;---;8-36 Toyota New Hilux 2023 - SKSZ-22;;\8 Camionetas\8-36 Toyota New Hilux 2023 - SKSZ-22
Daniel Villarroel Zamora;;No;30-01-2023 16:38;---;---;9-8 Bus Ford Transit Aï¿½o 2023 - SKYB-57;;\9 Camiones\9-8 Bus Ford Transit Aï¿½o 2023 - SKYB-57
Daniel Villarroel Zamora;;No;16-05-2023 17:11;---;---;3-7-1 Sonda Diamec 230;;\3 Exploraciï¿½n\3-7 Exploraciï¿½n Mina San Pedro\3-7-1 Sonda Diamec 230
Daniel Villarroel Zamora;;No;16-05-2023 17:11;30-05-2023 16:58;Daniel Villarroel Zamora;3-7-2 Grupo Generador Positrï¿½n Nï¿½63;;\3 Exploraciï¿½n\3-7 Exploraciï¿½n Mina San Pedro\3-7-2 Grupo Generador Positrï¿½n Nï¿½63
Daniel Villarroel Zamora;;No;20-07-2023 9:58;---;---;3-7-3 Minicargador JCB (1);;\3 Exploraciï¿½n\3-7 Exploraciï¿½n Mina San Pedro\3-7-3 Minicargador JCB (1)
Daniel Villarroel Zamora;;No;30-08-2023 8:17;---;---;7-9 Recuperaciï¿½n Aguas Grises;;\7 Proyectos en Ejecuciï¿½n\7-9 Recuperaciï¿½n Aguas Grises
Daniel Villarroel Zamora;;No;30-08-2023 11:29;---;---;1-18-1 Estudio DIA Peumo;;\1 Mina Peumo\1-18 Proyectos en Ejecuciï¿½n\1-18-1 Estudio DIA Peumo
Daniel Villarroel Zamora;;No;25-10-2023 9:29;25-10-2023 9:32;Daniel Villarroel Zamora;8-37 Volkswagen Amarok 2024 - STWK-87;;\8 Camionetas\8-37 Volkswagen Amarok 2024 - STWK-87
Daniel Villarroel Zamora;;No;25-10-2023 9:30;---;---;4-21-1 Construcciï¿½n Taller Rep.Motores;;\4 Planta\4-21 Proyectos en Ejecuciï¿½n\4-21-1 Construcciï¿½n Taller Rep.Motores
Daniel Villarroel Zamora;;No;15-11-2023 10:57;---;---;8-38 Toyota New Hilux 2024 - TCFH-27;;\8 Camionetas\8-38 Toyota New Hilux 2024 - TCFH-27
Daniel Villarroel Zamora;;No;15-11-2023 10:58;---;---;8-39 Toyota New Hilux 2024 - TCFH-28;;\8 Camionetas\8-39 Toyota New Hilux 2024 - TCFH-28
Daniel Villarroel Zamora;;No;15-11-2023 10:58;---;---;8-40 Toyota New Hilux 2024 - TCCX-81;;\8 Camionetas\8-40 Toyota New Hilux 2024 - TCCX-81
Daniel Villarroel Zamora;;No;20-11-2023 17:01;---;---;3-6-1 Scoop Atlas Copco ST-1000;;\3 Exploraciï¿½n\3-6 Exploraciï¿½n Mina Peumo Superior\3-6-1 Scoop Atlas Copco ST-1000
Daniel Villarroel Zamora;;No;19-12-2023 11:46;---;---;3-6-2 Compresor Doosan Nï¿½1;;\3 Exploraciï¿½n\3-6 Exploraciï¿½n Mina Peumo Superior\3-6-2 Compresor Doosan Nï¿½1
Daniel Villarroel Zamora;;No;19-12-2023 11:46;---;---;3-6-3 Compresor Atlas Copco XAS-97;;\3 Exploraciï¿½n\3-6 Exploraciï¿½n Mina Peumo Superior\3-6-3 Compresor Atlas Copco XAS-97
Daniel Villarroel Zamora;;No;23-01-2024 9:40;---;---;3-10 Exploraciï¿½n Mina Elsa;;\3 Exploraciï¿½n\3-10 Exploraciï¿½n Mina Elsa
Daniel Villarroel Zamora;;No;23-01-2024 9:43;---;---;3-10-1 Sonda MDS-141;;\3 Exploraciï¿½n\3-10 Exploraciï¿½n Mina Elsa\3-10-1 Sonda MDS-141
Daniel Villarroel Zamora;;No;23-01-2024 9:43;---;---;3-10-2 Grupo Generador;;\3 Exploraciï¿½n\3-10 Exploraciï¿½n Mina Elsa\3-10-2 Grupo Generador
Daniel Villarroel Zamora;;No;15-04-2024 10:08;---;---;3-7-5 Compresor Atlas Copco XAS-97;;\3 Exploraciï¿½n\3-7 Exploraciï¿½n Mina San Pedro\3-7-5 Compresor Atlas Copco XAS-97
Daniel Villarroel Zamora;;No;15-04-2024 16:08;---;---;3-9-3 Cargador Ceterpillar 928G;;\3 Exploraciï¿½n\3-9 Exploraciï¿½n Mina Patagï¿½ita\3-9-3 Cargador Ceterpillar 928G
Daniel Villarroel Zamora;;No;03-06-2024 8:55;---;---;10 Cargadores de Bajo Perfil;;\10 Cargadores de Bajo Perfil
Daniel Villarroel Zamora;;No;03-06-2024 8:55;---;---;10-1 Scoop Atlas Copco ST-1030 (1);;\10 Cargadores de Bajo Perfil\10-1 Scoop Atlas Copco ST-1030 (1)
Daniel Villarroel Zamora;;No;03-06-2024 8:56;03-06-2024 8:56;Daniel Villarroel Zamora;10-3 Scoop Atlas Copco ST-1030 (3);;\10 Cargadores de Bajo Perfil\10-3 Scoop Atlas Copco ST-1030 (3)
Daniel Villarroel Zamora;;No;03-06-2024 8:56;---;---;10-4 Scoop Atlas Copco ST-1030 (4);;\10 Cargadores de Bajo Perfil\10-4 Scoop Atlas Copco ST-1030 (4)
Daniel Villarroel Zamora;;No;03-06-2024 8:57;---;---;10-5 Scoop Atlas Copco ST-1030 (5);;\10 Cargadores de Bajo Perfil\10-5 Scoop Atlas Copco ST-1030 (5)
Daniel Villarroel Zamora;;No;03-06-2024 8:57;---;---;10-6 Scoop Atlas Copco ST-1030 (6);;\10 Cargadores de Bajo Perfil\10-6 Scoop Atlas Copco ST-1030 (6)
Daniel Villarroel Zamora;;No;03-06-2024 8:59;---;---;11 Cargadores Frontales;;\11 Cargadores Frontales
Daniel Villarroel Zamora;;No;03-06-2024 9:01;03-06-2024 9:01;Daniel Villarroel Zamora;11-1 Cargador Frontal CAT 938-H (1);;\11 Cargadores Frontales\11-1 Cargador Frontal CAT 938-H (1)
Daniel Villarroel Zamora;;No;03-06-2024 9:02;03-06-2024 9:02;Daniel Villarroel Zamora;11-2 Cargador Frontal CAT 938-H (2);;\11 Cargadores Frontales\11-2 Cargador Frontal CAT 938-H (2)
Daniel Villarroel Zamora;;No;03-06-2024 9:02;---;---;11-3 Cargador Frontal CAT 938-H (3);;\11 Cargadores Frontales\11-3 Cargador Frontal CAT 938-H (3)
Daniel Villarroel Zamora;;No;03-06-2024 9:03;---;---;11-4 Cargador Frontal CAT 938-G;;\11 Cargadores Frontales\11-4 Cargador Frontal CAT 938-G
Daniel Villarroel Zamora;;No;03-06-2024 9:03;03-06-2024 9:09;Daniel Villarroel Zamora;11-5 Cargador Frontal CAT 938-K;;\11 Cargadores Frontales\11-5 Cargador Frontal CAT 938-K
Daniel Villarroel Zamora;;No;03-06-2024 9:09;03-06-2024 9:10;Daniel Villarroel Zamora;11-6 Cargador Frontal CAT 928-G;;\11 Cargadores Frontales\11-6 Cargador Frontal CAT 928-G
Daniel Villarroel Zamora;;No;03-06-2024 9:10;---;---;11-7 Cargador Frontal CAT 950 GC;;\11 Cargadores Frontales\11-7 Cargador Frontal CAT 950 GC
Daniel Villarroel Zamora;;No;03-06-2024 9:11;---;---;11-8 Cargador Frontal Volvo L-120-F;;\11 Cargadores Frontales\11-8 Cargador Frontal Volvo L-120-F
Daniel Villarroel Zamora;;No;03-06-2024 9:12;---;---;12 Camiones de Bajo Perfil;;\12 Camiones de Bajo Perfil
Daniel Villarroel Zamora;;No;03-06-2024 9:13;---;---;12-1 Dumper GHH, modelo MK-A20 (1);;\12 Camiones de Bajo Perfil\12-1 Dumper GHH, modelo MK-A20 (1)
Daniel Villarroel Zamora;;No;03-06-2024 9:13;---;---;12-2 Dumper GHH, modelo MK-A20 (2);;\12 Camiones de Bajo Perfil\12-2 Dumper GHH, modelo MK-A20 (2)
Daniel Villarroel Zamora;;No;03-06-2024 9:38;---;---;13 Grupos Generadores;;\13 Grupos Generadores
Daniel Villarroel Zamora;;No;03-06-2024 9:44;---;---;13-1 Generador Denegri 110 KVA;;\13 Grupos Generadores\13-1 Generador Denegri 110 KVA
Daniel Villarroel Zamora;;No;03-06-2024 9:46;---;---;13-2 Generador Atlas Copco QAS 275;;\13 Grupos Generadores\13-2 Generador Atlas Copco QAS 275
Daniel Villarroel Zamora;;No;03-06-2024 9:47;03-06-2024 9:53;Daniel Villarroel Zamora;13-3 Generador Atlas Copco QAS 500 VD (1;;\13 Grupos Generadores\13-3 Generador Atlas Copco QAS 500 VD (1
Daniel Villarroel Zamora;;No;03-06-2024 9:47;03-06-2024 9:47;Daniel Villarroel Zamora;13-4 Generador Atlas Copco QAS 325 VD;;\13 Grupos Generadores\13-4 Generador Atlas Copco QAS 325 VD
Daniel Villarroel Zamora;;No;03-06-2024 9:48;03-06-2024 9:53;Daniel Villarroel Zamora;13-5 Generador Atlas Copco QAS 500 VD (2;;\13 Grupos Generadores\13-5 Generador Atlas Copco QAS 500 VD (2
Daniel Villarroel Zamora;;No;03-06-2024 10:16;---;---;13-6 Generador Atlas Copco QAS 500 VD (3;;\13 Grupos Generadores\13-6 Generador Atlas Copco QAS 500 VD (3
Daniel Villarroel Zamora;;No;03-06-2024 10:17;---;---;13-7 Generador Cummins 500 KVA;;\13 Grupos Generadores\13-7 Generador Cummins 500 KVA
Daniel Villarroel Zamora;;No;03-06-2024 10:21;---;---;13-8 Generador TDB 150 KVA, Nï¿½45;;\13 Grupos Generadores\13-8 Generador TDB 150 KVA, Nï¿½45
Daniel Villarroel Zamora;;No;03-06-2024 10:21;---;---;13-9 Generador TDB 150 KVA, Nï¿½50;;\13 Grupos Generadores\13-9 Generador TDB 150 KVA, Nï¿½50
Daniel Villarroel Zamora;;No;03-06-2024 10:35;---;---;13-10 Generador Positron 63 KVA, Nï¿½42;;\13 Grupos Generadores\13-10 Generador Positron 63 KVA, Nï¿½42
Daniel Villarroel Zamora;;No;03-06-2024 10:35;03-06-2024 10:37;Daniel Villarroel Zamora;13-11 Generador Weichai 33 KVA, Nï¿½1;Aï¿½o 2011, Nï¿½ Serie 20GFX-992;\13 Grupos Generadores\13-11 Generador Weichai 33 KVA, Nï¿½1
Daniel Villarroel Zamora;;No;03-06-2024 10:36;---;---;13-12 Generador Weichai 33 KVA, Nï¿½2;Aï¿½o 2017, Nï¿½ Serie WPG33L9;\13 Grupos Generadores\13-12 Generador Weichai 33 KVA, Nï¿½2
Daniel Villarroel Zamora;;No;03-06-2024 10:42;03-06-2024 10:42;Daniel Villarroel Zamora;13-13 Generador Wilson 500 KVA, Nï¿½1;;\13 Grupos Generadores\13-13 Generador Wilson 500 KVA, Nï¿½1
Daniel Villarroel Zamora;;No;03-06-2024 10:42;---;---;13-14 Generador Wilson 500 KVA, Nï¿½2;;\13 Grupos Generadores\13-14 Generador Wilson 500 KVA, Nï¿½2
Daniel Villarroel Zamora;;No;03-06-2024 10:48;---;---;14 Compresores;;\14 Compresores
Daniel Villarroel Zamora;;No;03-06-2024 10:49;---;---;14-1 Compresor Doosan, Modelo XP-825;;\14 Compresores\14-1 Compresor Doosan, Modelo XP-825
Daniel Villarroel Zamora;;No;03-06-2024 11:00;---;---;14-2 Compresor Atlas Copco GA-132 (1);;\14 Compresores\14-2 Compresor Atlas Copco GA-132 (1)
Daniel Villarroel Zamora;;No;03-06-2024 11:00;---;---;14-3 Compresor Atlas Copco GA-132 (2);;\14 Compresores\14-3 Compresor Atlas Copco GA-132 (2)
Daniel Villarroel Zamora;;No;03-06-2024 11:02;---;---;14-4 Compresor Atlas Copco V-900;;\14 Compresores\14-4 Compresor Atlas Copco V-900
Daniel Villarroel Zamora;;No;03-06-2024 11:02;---;---;14-5 Compresor de Tornillo Shulz SCT-204;;\14 Compresores\14-5 Compresor de Tornillo Shulz SCT-204
Daniel Villarroel Zamora;;No;03-06-2024 11:05;---;---;15 Manipuladores Telescï¿½picos;;\15 Manipuladores Telescï¿½picos
Daniel Villarroel Zamora;;No;03-06-2024 11:05;---;---;15-1 Manipulador JCB 531-70 (1);;\15 Manipuladores Telescï¿½picos\15-1 Manipulador JCB 531-70 (1)
Daniel Villarroel Zamora;;No;03-06-2024 11:06;---;---;15-2 Manipulador JCB 531-70 (2);;\15 Manipuladores Telescï¿½picos\15-2 Manipulador JCB 531-70 (2)
Daniel Villarroel Zamora;;No;03-06-2024 11:06;---;---;15-3 Manipulador Manitou MT-732;;\15 Manipuladores Telescï¿½picos\15-3 Manipulador Manitou MT-732
Daniel Villarroel Zamora;;No;03-06-2024 11:07;---;---;15-4 Manipulador JCB 533-105T;;\15 Manipuladores Telescï¿½picos\15-4 Manipulador JCB 533-105T
Daniel Villarroel Zamora;;No;03-06-2024 11:11;---;---;16 Equipos de Sondaje;;\16 Equipos de Sondaje
Daniel Villarroel Zamora;;No;03-06-2024 11:19;---;---;16-1 Sonda Atlas Copco, Diamec 230;;\16 Equipos de Sondaje\16-1 Sonda Atlas Copco, Diamec 230
Daniel Villarroel Zamora;;No;03-06-2024 11:19;---;---;16-2 Sonda Atlas Copco, Diamec 232-2008;;\16 Equipos de Sondaje\16-2 Sonda Atlas Copco, Diamec 232-2008
Daniel Villarroel Zamora;;No;03-06-2024 11:20;---;---;16-3 Sonda Atlas Copco, Diamec 232-2012;;\16 Equipos de Sondaje\16-3 Sonda Atlas Copco, Diamec 232-2012
Daniel Villarroel Zamora;;No;03-06-2024 11:22;---;---;16-4 Sonda Sandvik, DE-130;;\16 Equipos de Sondaje\16-4 Sonda Sandvik, DE-130
Daniel Villarroel Zamora;;No;03-06-2024 11:22;---;---;16-5 Sonda Onram, 1000/3;;\16 Equipos de Sondaje\16-5 Sonda Onram, 1000/3
Daniel Villarroel Zamora;;No;03-06-2024 11:23;---;---;16-6 Sonda MDS, 141;;\16 Equipos de Sondaje\16-6 Sonda MDS, 141
Daniel Villarroel Zamora;;No;03-06-2024 11:24;---;---;16-7 Sonda Ingetrol, H-600;;\16 Equipos de Sondaje\16-7 Sonda Ingetrol, H-600
Daniel Villarroel Zamora;;No;03-06-2024 11:24;---;---;17 Equipos de Perforaciï¿½n;;\17 Equipos de Perforaciï¿½n
Daniel Villarroel Zamora;;No;03-06-2024 11:25;---;---;17-1 Jumbo Atlas Copco, Simba H-1253;;\17 Equipos de Perforaciï¿½n\17-1 Jumbo Atlas Copco, Simba H-1253
Daniel Villarroel Zamora;;No;03-06-2024 11:26;---;---;17-2 Jumbo Atlas Copco, Boomer S1D;;\17 Equipos de Perforaciï¿½n\17-2 Jumbo Atlas Copco, Boomer S1D
Daniel Villarroel Zamora;;No;03-06-2024 11:28;---;---;17-3 Jumbo Atlas Copco, Boomer 281;;\17 Equipos de Perforaciï¿½n\17-3 Jumbo Atlas Copco, Boomer 281
Daniel Villarroel Zamora;;No;03-06-2024 11:28;---;---;17-4 Perforadora DTH;;\17 Equipos de Perforaciï¿½n\17-4 Perforadora DTH
Daniel Villarroel Zamora;;No;03-06-2024 11:55;---;---;18 Minicargadores;;\18 Minicargadores
Daniel Villarroel Zamora;;No;03-06-2024 11:55;---;---;18-1 Minicargador JCB 225 - 2011;;\18 Minicargadores\18-1 Minicargador JCB 225 - 2011
Daniel Villarroel Zamora;;No;03-06-2024 11:56;03-06-2024 11:58;Daniel Villarroel Zamora;18-2 Minicargador CAT 246-D3 Nï¿½1;;\18 Minicargadores\18-2 Minicargador CAT 246-D3 Nï¿½1
Daniel Villarroel Zamora;;No;03-06-2024 11:58;---;---;18-3 Minicargador CAT 246-D3 Nï¿½2;;\18 Minicargadores\18-3 Minicargador CAT 246-D3 Nï¿½2
Daniel Villarroel Zamora;;No;03-06-2024 11:59;---;---;19 Excavadoras y Retroexcavadoras;;\19 Excavadoras y Retroexcavadoras
Daniel Villarroel Zamora;;No;03-06-2024 11:59;---;---;19-1 Excavadora CAT 320-D Nï¿½1;;\19 Excavadoras y Retroexcavadoras\19-1 Excavadora CAT 320-D Nï¿½1
Daniel Villarroel Zamora;;No;03-06-2024 11:59;---;---;19-2 Excavadora CAT 320-GX Nï¿½2;;\19 Excavadoras y Retroexcavadoras\19-2 Excavadora CAT 320-GX Nï¿½2
Daniel Villarroel Zamora;;No;03-06-2024 12:00;---;---;19-3 Retroexcavadora JCB 3CX 4x4;;\19 Excavadoras y Retroexcavadoras\19-3 Retroexcavadora JCB 3CX 4x4
Daniel Villarroel Zamora;;No;03-06-2024 12:01;---;---;20 Otros Equipos;;\20 Otros Equipos
Daniel Villarroel Zamora;;No;03-06-2024 12:01;---;---;20-1 Grï¿½a Horquilla Nissan FLO 2M25;;\20 Otros Equipos\20-1 Grï¿½a Horquilla Nissan FLO 2M25
Daniel Villarroel Zamora;;No;03-06-2024 12:02;---;---;20-2 Compactadora CAT, CS-533E;;\20 Otros Equipos\20-2 Compactadora CAT, CS-533E
Daniel Villarroel Zamora;;No;03-06-2024 12:02;---;---;20-3 Equipo Paus RL-852 'Pica-Roca';;\20 Otros Equipos\20-3 Equipo Paus RL-852 'Pica-Roca'
Daniel Villarroel Zamora;;No;08-07-2024 15:23;08-07-2024 15:23;Daniel Villarroel Zamora;10-7 Scoop Atlas Copco ST-1000;;\10 Cargadores de Bajo Perfil\10-7 Scoop Atlas Copco ST-1000
Daniel Villarroel Zamora;;No;15-07-2024 16:33;---;---;14-6 Compresor Atlas Copco XAS-97;;\14 Compresores\14-6 Compresor Atlas Copco XAS-97
Daniel Villarroel Zamora;;No;18-07-2024 16:42;---;---;17-5 Jumbo Atlas Copco, Simba S7D;;\17 Equipos de Perforaciï¿½n\17-5 Jumbo Atlas Copco, Simba S7D
Daniel Villarroel Zamora;;No;29-08-2024 16:50;---;---;8-41 Toyota New Hilux 2024 - TRKP-63;;\8 Camionetas\8-41 Toyota New Hilux 2024 - TRKP-63
Daniel Villarroel Zamora;;No;29-08-2024 16:51;---;---;8-42 Toyota New Hilux 2024 - TRKP-65;;\8 Camionetas\8-42 Toyota New Hilux 2024 - TRKP-65
Daniel Villarroel Zamora;;No;29-08-2024 16:52;---;---;8-43 Toyota New Hilux 2024 - TRKP-66;;\8 Camionetas\8-43 Toyota New Hilux 2024 - TRKP-66
Daniel Villarroel Zamora;;No;29-08-2024 16:52;---;---;8-44 Toyota New Hilux 2024 - TRKP-67;;\8 Camionetas\8-44 Toyota New Hilux 2024 - TRKP-67
Daniel Villarroel Zamora;;No;29-08-2024 16:52;---;---;8-45 Toyota New Hilux 2024 - TRKP-68;;\8 Camionetas\8-45 Toyota New Hilux 2024 - TRKP-68
Daniel Villarroel Zamora;;No;29-08-2024 17:10;---;---;20-4 Grï¿½a Horquilla Liugong, CPCD25A;;\20 Otros Equipos\20-4 Grï¿½a Horquilla Liugong, CPCD25A
Daniel Villarroel Zamora;;No;29-08-2024 17:14;29-08-2024 17:17;Daniel Villarroel Zamora;13-15 Generador Weichai 165 KVA Nï¿½1;Nï¿½ Serie BJ11056275;\13 Grupos Generadores\13-15 Generador Weichai 165 KVA Nï¿½1
Daniel Villarroel Zamora;;No;29-08-2024 17:14;29-08-2024 17:18;Daniel Villarroel Zamora;13-16 Generador Weichai 165 KVA Nï¿½2;Nï¿½ Serie A824A000002;\13 Grupos Generadores\13-16 Generador Weichai 165 KVA Nï¿½2
Daniel Villarroel Zamora;;No;29-08-2024 17:16;29-08-2024 17:18;Daniel Villarroel Zamora;13-17 Generador Weichai 70 KVA Nï¿½1;Nï¿½ Serie BJ09048339;\13 Grupos Generadores\13-17 Generador Weichai 70 KVA Nï¿½1
Daniel Villarroel Zamora;;No;29-08-2024 17:16;29-08-2024 17:19;Daniel Villarroel Zamora;13-18 Generador Weichai 70 KVA Nï¿½2;Nï¿½ Serie 5724B001183;\13 Grupos Generadores\13-18 Generador Weichai 70 KVA Nï¿½2
Daniel Villarroel Zamora;;No;05-09-2024 15:57;---;---;7-10 Construcciï¿½n Oficina Sostenibilidad;;\7 Proyectos en Ejecuciï¿½n\7-10 Construcciï¿½n Oficina Sostenibilidad
Daniel Villarroel Zamora;;No;10-09-2024 15:10;---;---;8-46 Kï¿½a Frontier 2023 - RJXG-44;;\8 Camionetas\8-46 Kï¿½a Frontier 2023 - RJXG-44
Daniel Villarroel Zamora;;No;30-09-2024 12:36;---;---;12-3 Dumper GHH, modelo MK-A20 (3);;\12 Camiones de Bajo Perfil\12-3 Dumper GHH, modelo MK-A20 (3)
Daniel Villarroel Zamora;;No;10-10-2024 9:24;---;---;2-18-1 Monitoreo Flota Tiempo Real;;\2 Mina Don Jaime\2-18 Proyectos en Ejecuciï¿½n\2-18-1 Monitoreo Flota Tiempo Real
Daniel Villarroel Zamora;;No;30-10-2024 10:25;---;---;21 Actividades Centenario;;\21 Actividades Centenario
Daniel Villarroel Zamora;;No;30-10-2024 10:26;---;---;21-1 Competencia Ciclï¿½stica Ruta y MTB;;\21 Actividades Centenario\21-1 Competencia Ciclï¿½stica Ruta y MTB
Daniel Villarroel Zamora;;No;30-10-2024 10:26;---;---;21-2 Corrida Familiar;;\21 Actividades Centenario\21-2 Corrida Familiar
Daniel Villarroel Zamora;;No;30-10-2024 10:27;---;---;21-3 Campeonatos de Fï¿½tbol;;\21 Actividades Centenario\21-3 Campeonatos de Fï¿½tbol
Daniel Villarroel Zamora;;No;30-10-2024 10:28;---;---;21-4 Ceremonia Conmemorativa;;\21 Actividades Centenario\21-4 Ceremonia Conmemorativa
Daniel Villarroel Zamora;;No;30-10-2024 10:29;---;---;21-5 Reserva de la Biodiversidad;;\21 Actividades Centenario\21-5 Reserva de la Biodiversidad
Daniel Villarroel Zamora;;No;30-10-2024 16:31;---;---;12-4 Dumper GHH, modelo MK-A20 (4);;\12 Camiones de Bajo Perfil\12-4 Dumper GHH, modelo MK-A20 (4)
Daniel Villarroel Zamora;;No;12-11-2024 15:54;12-11-2024 15:54;Daniel Villarroel Zamora;10-8 Scoop Atlas Copco ST-1030 (7);;\10 Cargadores de Bajo Perfil\10-8 Scoop Atlas Copco ST-1030 (7)
Daniel Villarroel Zamora;;No;18-11-2024 11:42;---;---;10-9 Scoop XCJC Modelo XC-928;;\10 Cargadores de Bajo Perfil\10-9 Scoop XCJC Modelo XC-928
Daniel Villarroel Zamora;;No;23-12-2024 14:57;---;---;14-7 Compresor Doosan P-600 (2);;\14 Compresores\14-7 Compresor Doosan P-600 (2)
Daniel Villarroel Zamora;;No;13-01-2025 16:48;---;---;14-8 Compresor Doosan P-600 (1);;\14 Compresores\14-8 Compresor Doosan P-600 (1)
Daniel Villarroel Zamora;;No;10-02-2025 10:29;---;---;7-11 Remodelaciï¿½n Oficina Contabilidad;;\7 Proyectos en Ejecuciï¿½n\7-11 Remodelaciï¿½n Oficina Contabilidad
Daniel Villarroel Zamora;;No;28-03-2025 11:33;28-03-2025 11:33;Daniel Villarroel Zamora;9-9 Camiï¿½n Mercedes Benz Aljibe- TYYC-15;;\9 Camiones\9-9 Camiï¿½n Mercedes Benz Aljibe- TYYC-15
Daniel Villarroel Zamora;;No;03-06-2025 11:52;---;---;3-11 Exploraciï¿½n Mina Peumo Sur;;\3 Exploraciï¿½n\3-11 Exploraciï¿½n Mina Peumo Sur
Daniel Villarroel Zamora;;No;01-07-2025 11:24;---;---;8-47 Toyota New Hilux 2025 - VFLZ-88;;\8 Camionetas\8-47 Toyota New Hilux 2025 - VFLZ-88
Daniel Villarroel Zamora;;No;01-07-2025 11:25;---;---;8-48 Toyota New Hilux 2025 - VFPB-14;;\8 Camionetas\8-48 Toyota New Hilux 2025 - VFPB-14
Daniel Villarroel Zamora;;No;01-07-2025 11:26;---;---;8-49 Toyota New Hilux 2025 - VFPB-43;;\8 Camionetas\8-49 Toyota New Hilux 2025 - VFPB-43
Daniel Villarroel Zamora;;No;01-07-2025 11:26;---;---;8-50 Toyota New Hilux 2025 - VFPB-67;;\8 Camionetas\8-50 Toyota New Hilux 2025 - VFPB-67
Daniel Villarroel Zamora;;No;01-07-2025 11:36;09-06-2026 19:19;Daniel Villarroel Zamora;11-9 Cargador Frontal CAT 938 (1);;\11 Cargadores Frontales\11-9 Cargador Frontal CAT 938 (1)
Daniel Villarroel Zamora;;No;01-07-2025 11:40;---;---;3-12 Exploraciï¿½n Mina Chaparro;;\3 Exploraciï¿½n\3-12 Exploraciï¿½n Mina Chaparro
Daniel Villarroel Zamora;;No;29-08-2025 10:35;---;---;7-12 Construcciï¿½n Taller de Soldadura y;;\7 Proyectos en Ejecuciï¿½n\7-12 Construcciï¿½n Taller de Soldadura y
Daniel Villarroel Zamora;;No;24-09-2025 10:03;24-09-2025 10:04;Daniel Villarroel Zamora;9-10 Camiï¿½n Fotï¿½n Aumï¿½n 2025 - VHCW-98;;\9 Camiones\9-10 Camiï¿½n Fotï¿½n Aumï¿½n 2025 - VHCW-98
Daniel Villarroel Zamora;;No;08-10-2025 12:32;---;---;7-13 Reforzamiento Muro Cancha de Concen;;\7 Proyectos en Ejecuciï¿½n\7-13 Reforzamiento Muro Cancha de Concen
Daniel Villarroel Zamora;;No;09-10-2025 8:41;---;---;8-51 Ford F-150 2025 - VKXS-65;;\8 Camionetas\8-51 Ford F-150 2025 - VKXS-65
Daniel Villarroel Zamora;;No;16-10-2025 9:08;---;---;4-21-2 Muro Contenciï¿½n Taller Mecï¿½nico;;\4 Planta\4-21 Proyectos en Ejecuciï¿½n\4-21-2 Muro Contenciï¿½n Taller Mecï¿½nico
Daniel Villarroel Zamora;;No;20-11-2025 11:03;---;---;10-10 Scoop Atlas Copco ST-1030 (8);;\10 Cargadores de Bajo Perfil\10-10 Scoop Atlas Copco ST-1030 (8)
Daniel Villarroel Zamora;;No;28-11-2025 11:25;---;---;17-6 Jumbo Epiroc, Boomer S1D (2019);;\17 Equipos de Perforaciï¿½n\17-6 Jumbo Epiroc, Boomer S1D (2019)
Daniel Villarroel Zamora;;No;15-12-2025 10:34;---;---;9-11 Camiï¿½n Fotï¿½n Aumï¿½n Plano - VRDH-44;;\9 Camiones\9-11 Camiï¿½n Fotï¿½n Aumï¿½n Plano - VRDH-44
Daniel Villarroel Zamora;;No;18-12-2025 12:23;---;---;7-14 Proyecto Tranque Acumulador de Agua;;\7 Proyectos en Ejecuciï¿½n\7-14 Proyecto Tranque Acumulador de Agua
Daniel Villarroel Zamora;;No;18-12-2025 12:25;---;---;14-9 Compresor Portï¿½til Atlas Copco XAMS;;\14 Compresores\14-9 Compresor Portï¿½til Atlas Copco XAMS
Daniel Villarroel Zamora;;No;06-01-2026 11:02;04-03-2026 17:00;Daniel Villarroel Zamora;11-10 Cargador Frontal CAT 938 (2);;\11 Cargadores Frontales\11-10 Cargador Frontal CAT 938 (2)
Daniel Villarroel Zamora;;No;06-01-2026 11:02;04-03-2026 17:00;Daniel Villarroel Zamora;11-11 Cargador Frontal CAT 938 (3);;\11 Cargadores Frontales\11-11 Cargador Frontal CAT 938 (3)
Daniel Villarroel Zamora;;No;20-01-2026 8:45;---;---;9-12 Camiï¿½n Mitsubishi Fuso 4x4 - VRVZ-1;;\9 Camiones\9-12 Camiï¿½n Mitsubishi Fuso 4x4 - VRVZ-1
Daniel Villarroel Zamora;;No;20-04-2026 17:47;---;---;7-15 Proyecto Continuidad Operacional;;\7 Proyectos en Ejecuciï¿½n\7-15 Proyecto Continuidad Operacional
Daniel Villarroel Zamora;;No;20-04-2026 17:48;---;---;7-15-1 Reemplazo Molinos y Chancadores;;\7 Proyectos en Ejecuciï¿½n\7-15 Proyecto Continuidad Operacional\7-15-1 Reemplazo Molinos y Chancadores
Daniel Villarroel Zamora;;No;20-04-2026 17:48;---;---;7-15-2 Circuito Correas y Acumuladores;;\7 Proyectos en Ejecuciï¿½n\7-15 Proyecto Continuidad Operacional\7-15-2 Circuito Correas y Acumuladores
Daniel Villarroel Zamora;;No;20-04-2026 17:49;20-04-2026 17:49;Daniel Villarroel Zamora;7-15-3 Obras Civiles Ampliaciï¿½n;;\7 Proyectos en Ejecuciï¿½n\7-15 Proyecto Continuidad Operacional\7-15-3 Obras Civiles Ampliaciï¿½n
Daniel Villarroel Zamora;;No;20-04-2026 17:49;---;---;7-15-4 Montaje Equipos;;\7 Proyectos en Ejecuciï¿½n\7-15 Proyecto Continuidad Operacional\7-15-4 Montaje Equipos
Daniel Villarroel Zamora;;No;20-04-2026 17:50;---;---;7-15-5 Ampliaciï¿½n Relave;;\7 Proyectos en Ejecuciï¿½n\7-15 Proyecto Continuidad Operacional\7-15-5 Ampliaciï¿½n Relave
Daniel Villarroel Zamora;;No;20-04-2026 17:50;---;---;7-15-6 Construcciï¿½n Bodega;;\7 Proyectos en Ejecuciï¿½n\7-15 Proyecto Continuidad Operacional\7-15-6 Construcciï¿½n Bodega
Daniel Villarroel Zamora;;No;20-04-2026 17:51;---;---;7-15-7 Const. Laboratorio-Baï¿½os-Muestrer;;\7 Proyectos en Ejecuciï¿½n\7-15 Proyecto Continuidad Operacional\7-15-7 Const. Laboratorio-Baï¿½os-Muestrer
Daniel Villarroel Zamora;;No;28-05-2026 10:14;---;---;6-8 Proyectos Civiles;;\6 Administraciï¿½n del Proceso\6-8 Proyectos Civiles
